,state,numcol,yieldpercol,totalprod,stocks,priceperlb,prodvalue,year,yeildpercol
0,AL,16000.0,71.0,1136000.0,159000.0,0.72,818000.0,1998,
1,AZ,55000.0,60.0,3300000.0,1485000.0,0.64,2112000.0,1998,
2,AR,53000.0,65.0,3445000.0,1688000.0,0.59,2033000.0,1998,
3,CA,450000.0,83.0,37350000.0,12326000.0,0.62,23157000.0,1998,
4,CO,27000.0,72.0,1944000.0,1594000.0,0.7,1361000.0,1998,
5,FL,230000.0,98.0,22540000.0,4508000.0,0.64,14426000.0,1998,
6,GA,75000.0,56.0,4200000.0,307000.0,0.69,2898000.0,1998,
7,HI,8000.0,118.0,944000.0,66000.0,0.77,727000.0,1998,
8,ID,120000.0,50.0,6000000.0,2220000.0,0.65,3900000.0,1998,
9,IL,9000.0,71.0,639000.0,204000.0,1.19,760000.0,1998,
10,IN,9000.0,92.0,828000.0,489000.0,0.85,704000.0,1998,
11,IA,50000.0,78.0,3900000.0,2301000.0,0.7,2730000.0,1998,
12,KS,16000.0,46.0,736000.0,390000.0,0.87,640000.0,1998,
13,KY,3000.0,50.0,150000.0,51000.0,1.4,210000.0,1998,
14,LA,41000.0,111.0,4551000.0,865000.0,0.59,2685000.0,1998,
15,ME,10000.0,26.0,260000.0,117000.0,0.69,179000.0,1998,
16,MD,7000.0,44.0,308000.0,92000.0,1.1,339000.0,1998,
17,MI,80000.0,85.0,6800000.0,3672000.0,0.66,4488000.0,1998,
18,MN,140000.0,79.0,11060000.0,2765000.0,0.65,7189000.0,1998,
19,MS,18000.0,86.0,1548000.0,898000.0,0.58,898000.0,1998,
20,MO,23000.0,66.0,1518000.0,455000.0,0.76,1154000.0,1998,
21,MT,115000.0,122.0,14030000.0,5472000.0,0.64,8979000.0,1998,
22,NE,64000.0,70.0,4480000.0,2240000.0,0.86,3853000.0,1998,
23,NV,10000.0,46.0,460000.0,175000.0,1.65,759000.0,1998,
24,NJ,11000.0,49.0,539000.0,167000.0,0.76,410000.0,1998,
25,NM,14000.0,55.0,770000.0,470000.0,0.76,585000.0,1998,
26,NY,65000.0,80.0,5200000.0,2444000.0,0.7,3640000.0,1998,
27,NC,8000.0,59.0,472000.0,151000.0,1.38,651000.0,1998,
28,ND,230000.0,128.0,29440000.0,8832000.0,0.63,18547000.0,1998,
29,OH,18000.0,78.0,1404000.0,702000.0,0.83,1165000.0,1998,
30,OK,4000.0,51.0,204000.0,63000.0,1.24,253000.0,1998,
31,OR,50000.0,45.0,2250000.0,1620000.0,0.9,2025000.0,1998,
32,PA,26000.0,66.0,1716000.0,789000.0,0.8,1373000.0,1998,
33,SD,225000.0,95.0,21375000.0,10901000.0,0.64,13680000.0,1998,
34,TN,7000.0,64.0,448000.0,121000.0,1.32,591000.0,1998,
35,TX,91000.0,77.0,7007000.0,1612000.0,0.62,4344000.0,1998,
36,UT,30000.0,58.0,1740000.0,557000.0,0.65,1131000.0,1998,
37,VT,6000.0,64.0,384000.0,207000.0,0.85,326000.0,1998,
38,VA,8000.0,37.0,296000.0,86000.0,1.33,394000.0,1998,
39,WA,58000.0,51.0,2958000.0,1361000.0,0.64,1893000.0,1998,
40,WV,6000.0,55.0,330000.0,155000.0,1.14,376000.0,1998,
41,WI,89000.0,91.0,8099000.0,5264000.0,0.72,5831000.0,1998,
42,WY,46000.0,60.0,2760000.0,524000.0,0.68,1877000.0,1998,
43,AL,17000.0,68.0,1156000.0,185000.0,0.56,647000.0,1999,
44,AZ,52000.0,62.0,3224000.0,1548000.0,0.62,1999000.0,1999,
45,AR,52000.0,89.0,4628000.0,2592000.0,0.53,2453000.0,1999,
46,CA,465000.0,60.0,27900000.0,9486000.0,0.55,15345000.0,1999,
47,CO,27000.0,76.0,2052000.0,1436000.0,0.68,1395000.0,1999,
48,FL,228000.0,102.0,23256000.0,4186000.0,0.53,12326000.0,1999,
49,GA,65000.0,51.0,3315000.0,497000.0,0.64,2122000.0,1999,
50,HI,8000.0,80.0,640000.0,32000.0,0.8,512000.0,1999,
51,ID,120000.0,48.0,5760000.0,3110000.0,0.59,3398000.0,1999,
52,IL,9000.0,66.0,594000.0,327000.0,1.15,683000.0,1999,
53,IN,10000.0,81.0,810000.0,437000.0,0.9,729000.0,1999,
54,IA,40000.0,65.0,2600000.0,2028000.0,0.65,1690000.0,1999,
55,KS,13000.0,67.0,871000.0,854000.0,1.11,967000.0,1999,
56,KY,3000.0,50.0,150000.0,12000.0,1.24,186000.0,1999,
57,LA,48000.0,114.0,5472000.0,821000.0,0.49,2681000.0,1999,
58,ME,14000.0,22.0,308000.0,89000.0,0.83,256000.0,1999,
59,MD,6000.0,46.0,276000.0,50000.0,1.64,453000.0,1999,
60,MI,73000.0,85.0,6205000.0,3475000.0,0.66,4095000.0,1999,
61,MN,145000.0,82.0,11890000.0,3210000.0,0.61,7253000.0,1999,
62,MS,18000.0,73.0,1314000.0,591000.0,0.54,710000.0,1999,
63,MO,24000.0,65.0,1560000.0,437000.0,0.68,1061000.0,1999,
64,MT,122000.0,70.0,8540000.0,2135000.0,0.6,5124000.0,1999,
65,NE,58000.0,77.0,4466000.0,1965000.0,0.61,2724000.0,1999,
66,NV,9000.0,45.0,405000.0,271000.0,1.54,624000.0,1999,
67,NJ,10000.0,44.0,440000.0,154000.0,0.57,251000.0,1999,
68,NM,15000.0,52.0,780000.0,476000.0,0.77,601000.0,1999,
69,NY,69000.0,70.0,4830000.0,2077000.0,0.66,3188000.0,1999,
70,NC,9000.0,46.0,414000.0,104000.0,1.62,671000.0,1999,
71,ND,255000.0,105.0,26775000.0,8836000.0,0.59,15797000.0,1999,
72,OH,20000.0,74.0,1480000.0,784000.0,0.72,1066000.0,1999,
73,OK,6000.0,45.0,270000.0,49000.0,1.34,362000.0,1999,
74,OR,45000.0,57.0,2565000.0,2026000.0,0.8,2052000.0,1999,
75,PA,28000.0,60.0,1680000.0,790000.0,0.76,1277000.0,1999,
76,SD,224000.0,104.0,23296000.0,13046000.0,0.6,13978000.0,1999,
77,TN,8000.0,51.0,408000.0,106000.0,1.3,530000.0,1999,
78,TX,108000.0,81.0,8748000.0,2799000.0,0.64,5599000.0,1999,
79,UT,26000.0,45.0,1170000.0,433000.0,0.68,796000.0,1999,
80,VT,6000.0,66.0,396000.0,222000.0,0.63,249000.0,1999,
81,VA,7000.0,35.0,245000.0,86000.0,1.17,287000.0,1999,
82,WA,52000.0,50.0,2600000.0,1170000.0,0.6,1560000.0,1999,
83,WV,6000.0,39.0,234000.0,152000.0,1.09,255000.0,1999,
84,WI,80000.0,75.0,6000000.0,4560000.0,0.68,4080000.0,1999,
85,WY,37000.0,72.0,2664000.0,746000.0,0.61,1625000.0,1999,
86,AL,16000.0,78.0,1248000.0,187000.0,0.59,736000.0,2000,
87,AZ,40000.0,59.0,2360000.0,1322000.0,0.73,1723000.0,2000,
88,AR,52000.0,93.0,4836000.0,3337000.0,0.57,2757000.0,2000,
89,CA,440000.0,70.0,30800000.0,11396000.0,0.59,18172000.0,2000,
90,CO,29000.0,60.0,1740000.0,957000.0,0.62,1079000.0,2000,
91,FL,232000.0,105.0,24360000.0,2923000.0,0.54,13154000.0,2000,
92,GA,55000.0,57.0,3135000.0,376000.0,0.63,1975000.0,2000,
93,HI,7000.0,112.0,784000.0,125000.0,0.82,643000.0,2000,
94,ID,100000.0,47.0,4700000.0,2679000.0,0.52,2444000.0,2000,
95,IL,8000.0,61.0,488000.0,146000.0,1.17,571000.0,2000,
96,IN,8000.0,65.0,520000.0,286000.0,1.03,536000.0,2000,
97,IA,30000.0,67.0,2010000.0,1206000.0,0.68,1367000.0,2000,
98,KS,15000.0,68.0,1020000.0,520000.0,0.91,928000.0,2000,
99,KY,4000.0,48.0,192000.0,54000.0,1.35,259000.0,2000,
100,LA,43000.0,94.0,4042000.0,1334000.0,0.52,2102000.0,2000,
101,ME,11000.0,21.0,231000.0,143000.0,0.75,173000.0,2000,
102,MD,6000.0,46.0,276000.0,52000.0,1.14,315000.0,2000,
103,MI,72000.0,75.0,5400000.0,2970000.0,0.6,3240000.0,2000,
104,MN,150000.0,90.0,13500000.0,3105000.0,0.57,7695000.0,2000,
105,MS,17000.0,72.0,1224000.0,649000.0,0.69,845000.0,2000,
106,MO,23000.0,75.0,1725000.0,362000.0,0.6,1035000.0,2000,
107,MT,124000.0,88.0,10912000.0,4692000.0,0.59,6438000.0,2000,
108,NE,50000.0,87.0,4350000.0,2610000.0,0.59,2567000.0,2000,
109,NV,10000.0,35.0,350000.0,95000.0,1.45,508000.0,2000,
110,NJ,11000.0,35.0,385000.0,200000.0,0.61,235000.0,2000,
111,NM,15000.0,64.0,960000.0,739000.0,0.72,691000.0,2000,
112,NY,58000.0,80.0,4640000.0,2274000.0,0.55,2552000.0,2000,
113,NC,11000.0,49.0,539000.0,243000.0,1.43,771000.0,2000,
114,ND,300000.0,115.0,34500000.0,13800000.0,0.57,19665000.0,2000,
115,OH,18000.0,65.0,1170000.0,585000.0,0.79,924000.0,2000,
116,OK,7000.0,35.0,245000.0,64000.0,1.26,309000.0,2000,
117,OR,48000.0,51.0,2448000.0,1665000.0,0.66,1616000.0,2000,
118,PA,25000.0,45.0,1125000.0,630000.0,0.76,855000.0,2000,
119,SD,235000.0,121.0,28435000.0,12796000.0,0.58,16492000.0,2000,
120,TN,9000.0,61.0,549000.0,104000.0,1.43,785000.0,2000,
121,TX,105000.0,79.0,8295000.0,2986000.0,0.57,4728000.0,2000,
122,UT,24000.0,41.0,984000.0,462000.0,0.6,590000.0,2000,
123,VT,7000.0,59.0,413000.0,211000.0,0.68,281000.0,2000,
124,VA,7000.0,42.0,294000.0,103000.0,1.5,441000.0,2000,
125,WA,52000.0,54.0,2808000.0,1151000.0,0.58,1629000.0,2000,
126,WV,7000.0,54.0,378000.0,234000.0,1.22,461000.0,2000,
127,WI,84000.0,90.0,7560000.0,4385000.0,0.68,5141000.0,2000,
128,WY,39000.0,93.0,3627000.0,798000.0,0.59,2140000.0,2000,
129,AL,14000.0,73.0,1022000.0,235000.0,0.72,736000.0,2001,
130,AZ,43000.0,59.0,2537000.0,1142000.0,0.72,1827000.0,2001,
131,AR,50000.0,98.0,4900000.0,1617000.0,0.65,3185000.0,2001,
132,CA,460000.0,61.0,28060000.0,7857000.0,0.69,19361000.0,2001,
133,CO,26000.0,55.0,1430000.0,529000.0,0.71,1015000.0,2001,
134,FL,220000.0,100.0,22000000.0,3432000.0,0.64,14080000.0,2001,
135,GA,55000.0,57.0,3135000.0,188000.0,0.7,2195000.0,2001,
136,HI,8000.0,87.0,696000.0,84000.0,0.87,606000.0,2001,
137,ID,100000.0,46.0,4600000.0,1610000.0,0.67,3082000.0,2001,
138,IL,6000.0,76.0,456000.0,251000.0,1.58,720000.0,2001,
139,IN,7000.0,76.0,532000.0,186000.0,0.92,489000.0,2001,
140,IA,33000.0,51.0,1683000.0,875000.0,0.75,1262000.0,2001,
141,KS,13000.0,51.0,663000.0,530000.0,0.96,636000.0,2001,
142,KY,4000.0,78.0,312000.0,125000.0,1.41,440000.0,2001,
143,LA,45000.0,106.0,4770000.0,572000.0,0.6,2862000.0,2001,
144,ME,11000.0,20.0,220000.0,106000.0,0.79,174000.0,2001,
145,MD,4000.0,46.0,184000.0,55000.0,1.6,294000.0,2001,
146,MI,76000.0,60.0,4560000.0,2827000.0,0.81,3694000.0,2001,
147,MN,135000.0,81.0,10935000.0,1859000.0,0.65,7108000.0,2001,
148,MS,17000.0,66.0,1122000.0,224000.0,0.89,999000.0,2001,
149,MO,22000.0,61.0,1342000.0,336000.0,0.71,953000.0,2001,
150,MT,136000.0,102.0,13872000.0,4578000.0,0.67,9294000.0,2001,
151,NE,43000.0,48.0,2064000.0,1115000.0,0.72,1486000.0,2001,
152,NV,9000.0,50.0,450000.0,36000.0,2.14,963000.0,2001,
153,NJ,11000.0,34.0,374000.0,71000.0,0.85,318000.0,2001,
154,NM,10000.0,70.0,700000.0,350000.0,0.66,462000.0,2001,
155,NY,53000.0,70.0,3710000.0,1781000.0,0.79,2931000.0,2001,
156,NC,13000.0,44.0,572000.0,172000.0,1.48,847000.0,2001,
157,ND,280000.0,96.0,26880000.0,9408000.0,0.69,18547000.0,2001,
158,OH,18000.0,81.0,1458000.0,569000.0,1.01,1473000.0,2001,
159,OK,4000.0,47.0,188000.0,105000.0,1.43,269000.0,2001,
160,OR,44000.0,44.0,1936000.0,1200000.0,0.74,1433000.0,2001,
161,PA,26000.0,57.0,1482000.0,785000.0,0.92,1363000.0,2001,
162,SC,7000.0,40.0,280000.0,67000.0,0.79,221000.0,2001,
163,SD,235000.0,65.0,15275000.0,12220000.0,0.71,10845000.0,2001,
164,TN,8000.0,59.0,472000.0,131000.0,1.39,656000.0,2001,
165,TX,97000.0,79.0,7663000.0,1533000.0,0.65,4981000.0,2001,
166,UT,23000.0,38.0,874000.0,315000.0,0.65,568000.0,2001,
167,VT,7000.0,81.0,567000.0,249000.0,0.92,522000.0,2001,
168,VA,9000.0,52.0,468000.0,94000.0,1.26,590000.0,2001,
169,WA,48000.0,52.0,2496000.0,1048000.0,0.72,1797000.0,2001,
170,WV,7000.0,65.0,455000.0,410000.0,1.42,646000.0,2001,
171,WI,67000.0,81.0,5427000.0,3419000.0,0.82,4450000.0,2001,
172,WY,38000.0,77.0,2926000.0,468000.0,0.65,1902000.0,2001,
173,AL,12000.0,86.0,1032000.0,103000.0,1.18,1218000.0,2002,
174,AZ,38000.0,63.0,2394000.0,1197000.0,1.08,2586000.0,2002,
175,AR,45000.0,88.0,3960000.0,871000.0,1.26,4990000.0,2002,
176,CA,470000.0,50.0,23500000.0,3525000.0,1.32,31020000.0,2002,
177,CO,24000.0,60.0,1440000.0,576000.0,1.29,1858000.0,2002,
178,FL,220000.0,93.0,20460000.0,2026000.0,1.14,23324000.0,2002,
179,GA,50000.0,52.0,2600000.0,52000.0,1.13,2938000.0,2002,
180,HI,7000.0,136.0,952000.0,29000.0,1.11,1057000.0,2002,
181,ID,100000.0,57.0,5700000.0,1653000.0,1.37,7809000.0,2002,
182,IL,9000.0,80.0,720000.0,130000.0,1.47,1058000.0,2002,
183,IN,8000.0,62.0,496000.0,233000.0,1.19,590000.0,2002,
184,IA,33000.0,70.0,2310000.0,901000.0,1.43,3303000.0,2002,
185,KS,17000.0,52.0,884000.0,407000.0,1.5,1326000.0,2002,
186,KY,5000.0,54.0,270000.0,78000.0,1.63,440000.0,2002,
187,LA,35000.0,124.0,4340000.0,347000.0,1.16,5034000.0,2002,
188,ME,11000.0,41.0,451000.0,266000.0,1.21,546000.0,2002,
189,MD,3000.0,46.0,138000.0,21000.0,1.96,270000.0,2002,
190,MI,72000.0,77.0,5544000.0,1885000.0,1.4,7762000.0,2002,
191,MN,117000.0,73.0,8541000.0,1110000.0,1.47,12555000.0,2002,
192,MS,18000.0,78.0,1404000.0,281000.0,1.23,1727000.0,2002,
193,MO,18000.0,50.0,900000.0,189000.0,1.42,1278000.0,2002,
194,MT,134000.0,63.0,8442000.0,1097000.0,1.38,11650000.0,2002,
195,NE,43000.0,75.0,3225000.0,1161000.0,1.49,4805000.0,2002,
196,NV,9000.0,62.0,558000.0,61000.0,2.67,1490000.0,2002,
197,NJ,11000.0,40.0,440000.0,92000.0,1.0,440000.0,2002,
198,NM,11000.0,44.0,484000.0,252000.0,1.1,532000.0,2002,
199,NY,60000.0,98.0,5880000.0,2470000.0,1.25,7350000.0,2002,
200,NC,16000.0,42.0,672000.0,74000.0,1.41,948000.0,2002,
201,ND,320000.0,75.0,24000000.0,8160000.0,1.46,35040000.0,2002,
202,OH,18000.0,70.0,1260000.0,504000.0,1.44,1814000.0,2002,
203,OK,3000.0,53.0,159000.0,51000.0,1.63,259000.0,2002,
204,OR,43000.0,49.0,2107000.0,885000.0,1.35,2844000.0,2002,
205,PA,29000.0,57.0,1653000.0,827000.0,1.34,2215000.0,2002,
206,SC,5000.0,94.0,470000.0,14000.0,1.25,588000.0,2002,
207,SD,225000.0,51.0,11475000.0,2410000.0,1.42,16295000.0,2002,
208,TN,8000.0,61.0,488000.0,137000.0,1.4,683000.0,2002,
209,TX,114000.0,67.0,7638000.0,985000.0,1.14,8707000.0,2002,
210,UT,22000.0,59.0,1298000.0,208000.0,1.3,1687000.0,2002,
211,VT,7000.0,89.0,623000.0,274000.0,1.2,748000.0,2002,
212,VA,8000.0,38.0,304000.0,79000.0,1.9,578000.0,2002,
213,WA,50000.0,51.0,2550000.0,561000.0,1.27,3239000.0,2002,
214,WV,9000.0,51.0,459000.0,151000.0,1.32,606000.0,2002,
215,WI,70000.0,95.0,6650000.0,2461000.0,1.34,8911000.0,2002,
216,WY,38000.0,63.0,2394000.0,383000.0,1.33,3184000.0,2002,
217,AL,13000.0,82.0,1066000.0,43000.0,1.24,1322000.0,2003,
218,AZ,35000.0,72.0,2520000.0,983000.0,1.34,3377000.0,2003,
219,AR,40000.0,75.0,3000000.0,810000.0,1.26,3780000.0,2003,
220,CA,480000.0,67.0,32160000.0,6432000.0,1.39,44702000.0,2003,
221,CO,24000.0,86.0,2064000.0,722000.0,1.4,2890000.0,2003,
222,FL,210000.0,71.0,14910000.0,1491000.0,1.32,19681000.0,2003,
223,GA,52000.0,65.0,3380000.0,270000.0,1.28,4326000.0,2003,
224,HI,7000.0,114.0,798000.0,43000.0,1.45,1157000.0,2003,
225,ID,100000.0,46.0,4600000.0,1380000.0,1.33,6118000.0,2003,
226,IL,7000.0,60.0,420000.0,252000.0,1.83,769000.0,2003,
227,IN,5000.0,56.0,280000.0,78000.0,1.66,465000.0,2003,
228,IA,32000.0,59.0,1888000.0,868000.0,1.42,2681000.0,2003,
229,KS,16000.0,57.0,912000.0,447000.0,1.41,1286000.0,2003,
230,KY,5000.0,48.0,240000.0,14000.0,1.67,401000.0,2003,
231,LA,34000.0,90.0,3060000.0,275000.0,1.24,3794000.0,2003,
232,ME,8000.0,33.0,264000.0,145000.0,1.41,372000.0,2003,
233,MD,2000.0,42.0,84000.0,21000.0,1.93,162000.0,2003,
234,MI,65000.0,74.0,4810000.0,1732000.0,1.41,6782000.0,2003,
235,MN,120000.0,83.0,9960000.0,1892000.0,1.44,14342000.0,2003,
236,MS,21000.0,69.0,1449000.0,246000.0,1.29,1869000.0,2003,
237,MO,17000.0,53.0,901000.0,189000.0,1.41,1270000.0,2003,
238,MT,145000.0,66.0,9570000.0,1914000.0,1.44,13781000.0,2003,
239,NE,45000.0,74.0,3330000.0,1299000.0,1.38,4595000.0,2003,
240,NV,6000.0,64.0,384000.0,46000.0,2.04,783000.0,2003,
241,NJ,10000.0,19.0,190000.0,101000.0,1.6,304000.0,2003,
242,NM,6000.0,41.0,246000.0,108000.0,1.2,295000.0,2003,
243,NY,67000.0,72.0,4824000.0,1640000.0,1.36,6561000.0,2003,
244,NC,10000.0,44.0,440000.0,79000.0,1.92,845000.0,2003,
245,ND,340000.0,87.0,29580000.0,6803000.0,1.36,40229000.0,2003,
246,OH,15000.0,50.0,750000.0,278000.0,1.4,1050000.0,2003,
247,OK,3000.0,47.0,141000.0,69000.0,1.84,259000.0,2003,
248,OR,42000.0,51.0,2142000.0,964000.0,1.27,2720000.0,2003,
249,PA,27000.0,50.0,1350000.0,419000.0,1.44,1944000.0,2003,
250,SC,4000.0,70.0,280000.0,8000.0,1.89,529000.0,2003,
251,SD,215000.0,70.0,15050000.0,2709000.0,1.43,21522000.0,2003,
252,TN,6000.0,40.0,240000.0,46000.0,1.52,365000.0,2003,
253,TX,140000.0,67.0,9380000.0,1126000.0,1.4,13132000.0,2003,
254,UT,25000.0,57.0,1425000.0,157000.0,1.28,1824000.0,2003,
255,VT,7000.0,83.0,581000.0,163000.0,1.96,1139000.0,2003,
256,VA,6000.0,37.0,222000.0,69000.0,1.68,373000.0,2003,
257,WA,58000.0,56.0,3248000.0,942000.0,1.46,4742000.0,2003,
258,WV,8000.0,47.0,376000.0,194000.0,1.89,711000.0,2003,
259,WI,74000.0,77.0,5698000.0,2678000.0,1.47,8376000.0,2003,
260,WY,39000.0,81.0,3159000.0,474000.0,1.41,4454000.0,2003,
261,AL,12000.0,87.0,1044000.0,282000.0,1.41,1472000.0,2004,
262,AZ,32000.0,55.0,1760000.0,774000.0,1.11,1954000.0,2004,
263,AR,40000.0,57.0,2280000.0,388000.0,0.87,1984000.0,2004,
264,CA,390000.0,45.0,17550000.0,5792000.0,1.05,18428000.0,2004,
265,CO,23000.0,80.0,1840000.0,791000.0,1.35,2484000.0,2004,
266,FL,205000.0,98.0,20090000.0,2009000.0,1.02,20492000.0,2004,
267,GA,63000.0,49.0,3087000.0,648000.0,1.2,3704000.0,2004,
268,HI,8000.0,96.0,768000.0,77000.0,1.59,1221000.0,2004,
269,ID,100000.0,63.0,6300000.0,2520000.0,1.02,6426000.0,2004,
270,IL,7000.0,55.0,385000.0,193000.0,1.86,716000.0,2004,
271,IN,7000.0,59.0,413000.0,145000.0,1.47,607000.0,2004,
272,IA,35000.0,67.0,2345000.0,1337000.0,1.06,2486000.0,2004,
273,KS,14000.0,80.0,1120000.0,683000.0,1.18,1322000.0,2004,
274,KY,5000.0,56.0,280000.0,34000.0,1.96,549000.0,2004,
275,LA,35000.0,98.0,3430000.0,240000.0,0.79,2710000.0,2004,
276,ME,7000.0,31.0,217000.0,37000.0,1.28,278000.0,2004,
277,MI,65000.0,67.0,4355000.0,2439000.0,1.16,5052000.0,2004,
278,MN,135000.0,75.0,10125000.0,1924000.0,1.08,10935000.0,2004,
279,MS,18000.0,65.0,1170000.0,421000.0,0.79,924000.0,2004,
280,MO,16000.0,41.0,656000.0,151000.0,1.36,892000.0,2004,
281,MT,140000.0,77.0,10780000.0,3773000.0,1.08,11642000.0,2004,
282,NE,51000.0,89.0,4539000.0,2043000.0,1.01,4584000.0,2004,
283,NV,14000.0,55.0,770000.0,316000.0,1.78,1371000.0,2004,
284,NJ,12000.0,27.0,324000.0,45000.0,1.4,454000.0,2004,
285,NM,8000.0,44.0,352000.0,127000.0,1.19,419000.0,2004,
286,NY,64000.0,67.0,4288000.0,1887000.0,1.36,5832000.0,2004,
287,NC,9000.0,40.0,360000.0,72000.0,1.93,695000.0,2004,
288,ND,390000.0,78.0,30420000.0,9126000.0,1.05,31941000.0,2004,
289,OH,16000.0,58.0,928000.0,353000.0,1.53,1420000.0,2004,
290,OR,42000.0,54.0,2268000.0,1111000.0,1.21,2744000.0,2004,
291,PA,30000.0,54.0,1620000.0,810000.0,1.42,2300000.0,2004,
292,SD,215000.0,105.0,22575000.0,13545000.0,1.01,22801000.0,2004,
293,TN,6000.0,54.0,324000.0,91000.0,1.73,561000.0,2004,
294,TX,116000.0,76.0,8816000.0,1411000.0,0.97,8552000.0,2004,
295,UT,24000.0,70.0,1680000.0,554000.0,1.1,1848000.0,2004,
296,VT,6000.0,68.0,408000.0,192000.0,1.51,616000.0,2004,
297,VA,7000.0,38.0,266000.0,69000.0,2.1,559000.0,2004,
298,WA,56000.0,63.0,3528000.0,1376000.0,0.98,3457000.0,2004,
299,WV,9000.0,55.0,495000.0,183000.0,1.41,698000.0,2004,
300,WI,68000.0,86.0,5848000.0,2632000.0,1.19,6959000.0,2004,
301,WY,39000.0,75.0,2925000.0,380000.0,1.1,3218000.0,2004,
302,AL,13000.0,66.0,858000.0,266000.0,1.02,875000.0,2005,
303,AZ,36000.0,50.0,1800000.0,720000.0,1.04,1872000.0,2005,
304,AR,36000.0,69.0,2484000.0,571000.0,0.97,2409000.0,2005,
305,CA,400000.0,75.0,30000000.0,9300000.0,0.86,25800000.0,2005,
306,CO,28000.0,70.0,1960000.0,902000.0,0.97,1901000.0,2005,
307,FL,160000.0,86.0,13760000.0,2477000.0,0.87,11971000.0,2005,
308,GA,59000.0,49.0,2891000.0,434000.0,0.89,2573000.0,2005,
309,HI,9000.0,131.0,1179000.0,283000.0,1.43,1686000.0,2005,
310,ID,95000.0,37.0,3515000.0,1793000.0,0.8,2812000.0,2005,
311,IL,8000.0,85.0,680000.0,408000.0,1.84,1251000.0,2005,
312,IN,8000.0,64.0,512000.0,189000.0,1.18,604000.0,2005,
313,IA,28000.0,88.0,2464000.0,1232000.0,1.21,2981000.0,2005,
314,KS,16000.0,50.0,800000.0,328000.0,1.05,840000.0,2005,
315,KY,5000.0,50.0,250000.0,40000.0,2.08,520000.0,2005,
316,LA,35000.0,97.0,3395000.0,611000.0,0.72,2444000.0,2005,
317,ME,8000.0,26.0,208000.0,193000.0,1.66,345000.0,2005,
318,MI,65000.0,68.0,4420000.0,2519000.0,0.94,4155000.0,2005,
319,MN,120000.0,74.0,8880000.0,1598000.0,0.9,7992000.0,2005,
320,MS,16000.0,80.0,1280000.0,346000.0,0.67,858000.0,2005,
321,MO,15000.0,50.0,750000.0,180000.0,1.22,915000.0,2005,
322,MT,130000.0,67.0,8710000.0,3136000.0,0.86,7491000.0,2005,
323,NE,40000.0,68.0,2720000.0,2530000.0,0.87,2366000.0,2005,
324,NV,12000.0,46.0,552000.0,442000.0,3.11,1717000.0,2005,
325,NJ,12000.0,32.0,384000.0,104000.0,1.2,461000.0,2005,
326,NM,7000.0,49.0,343000.0,113000.0,1.03,353000.0,2005,
327,NY,59000.0,73.0,4307000.0,2283000.0,1.34,5771000.0,2005,
328,NC,10000.0,54.0,540000.0,146000.0,1.88,1015000.0,2005,
329,ND,370000.0,91.0,33670000.0,8418000.0,0.83,27946000.0,2005,
330,OH,15000.0,69.0,1035000.0,580000.0,1.4,1449000.0,2005,
331,OR,39000.0,42.0,1638000.0,557000.0,1.08,1769000.0,2005,
332,PA,28000.0,56.0,1568000.0,800000.0,1.12,1756000.0,2005,
333,SD,220000.0,79.0,17380000.0,11818000.0,0.83,14425000.0,2005,
334,TN,7000.0,55.0,385000.0,92000.0,1.67,643000.0,2005,
335,TX,84000.0,71.0,5964000.0,954000.0,0.86,5129000.0,2005,
336,UT,24000.0,45.0,1080000.0,346000.0,0.95,1026000.0,2005,
337,VT,6000.0,91.0,546000.0,169000.0,1.12,612000.0,2005,
338,VA,8000.0,37.0,296000.0,59000.0,2.2,651000.0,2005,
339,WA,51000.0,55.0,2805000.0,1935000.0,1.01,2833000.0,2005,
340,WV,8000.0,51.0,408000.0,102000.0,1.29,526000.0,2005,
341,WI,64000.0,83.0,5312000.0,2922000.0,1.14,6056000.0,2005,
342,WY,40000.0,56.0,2240000.0,291000.0,0.89,1994000.0,2005,
343,AL,11000.0,72.0,792000.0,230000.0,1.21,958000.0,2006,
344,AZ,30000.0,65.0,1950000.0,839000.0,0.91,1775000.0,2006,
345,AR,32000.0,76.0,2432000.0,730000.0,0.89,2164000.0,2006,
346,CA,380000.0,52.0,19760000.0,7706000.0,0.97,19167000.0,2006,
347,CO,36000.0,75.0,2700000.0,1458000.0,1.04,2808000.0,2006,
348,FL,170000.0,81.0,13770000.0,1790000.0,1.0,13770000.0,2006,
349,GA,63000.0,74.0,4662000.0,746000.0,1.2,5594000.0,2006,
350,HI,10000.0,93.0,930000.0,233000.0,1.21,1125000.0,2006,
351,ID,95000.0,44.0,4180000.0,2592000.0,0.97,4055000.0,2006,
352,IL,10000.0,66.0,660000.0,356000.0,2.14,1412000.0,2006,
353,IN,7000.0,54.0,378000.0,125000.0,1.58,597000.0,2006,
354,IA,26000.0,84.0,2184000.0,1441000.0,1.37,2992000.0,2006,
355,KS,14000.0,55.0,770000.0,246000.0,1.17,901000.0,2006,
356,KY,5000.0,56.0,280000.0,70000.0,2.19,613000.0,2006,
357,LA,30000.0,90.0,2700000.0,675000.0,0.9,2430000.0,2006,
358,ME,11000.0,23.0,253000.0,86000.0,1.6,405000.0,2006,
359,MI,72000.0,55.0,3960000.0,2099000.0,1.15,4554000.0,2006,
360,MN,125000.0,80.0,10000000.0,3300000.0,0.94,9400000.0,2006,
361,MS,14000.0,98.0,1372000.0,453000.0,0.93,1276000.0,2006,
362,MO,15000.0,46.0,690000.0,117000.0,0.98,676000.0,2006,
363,MT,132000.0,79.0,10428000.0,1981000.0,0.95,9907000.0,2006,
364,NE,47000.0,73.0,3431000.0,3843000.0,0.93,3191000.0,2006,
365,NV,9000.0,37.0,333000.0,50000.0,3.62,1205000.0,2006,
366,NJ,9000.0,36.0,324000.0,152000.0,1.14,369000.0,2006,
367,NM,7000.0,48.0,336000.0,104000.0,1.19,400000.0,2006,
368,NY,58000.0,64.0,3712000.0,2376000.0,1.3,4826000.0,2006,
369,NC,10000.0,50.0,500000.0,215000.0,1.57,785000.0,2006,
370,ND,350000.0,74.0,25900000.0,7770000.0,0.91,23569000.0,2006,
371,OH,14000.0,56.0,784000.0,282000.0,1.4,1098000.0,2006,
372,OR,46000.0,48.0,2208000.0,729000.0,1.05,2318000.0,2006,
373,PA,28000.0,40.0,1120000.0,605000.0,1.63,1826000.0,2006,
374,SD,225000.0,47.0,10575000.0,10575000.0,0.94,9941000.0,2006,
375,TN,7000.0,55.0,385000.0,58000.0,1.84,708000.0,2006,
376,TX,82000.0,70.0,5740000.0,976000.0,0.89,5109000.0,2006,
377,UT,26000.0,50.0,1300000.0,299000.0,0.98,1274000.0,2006,
378,VT,6000.0,56.0,336000.0,144000.0,1.2,403000.0,2006,
379,VA,8000.0,42.0,336000.0,114000.0,2.2,739000.0,2006,
380,WA,49000.0,52.0,2548000.0,1605000.0,1.24,3160000.0,2006,
381,WV,6000.0,42.0,252000.0,68000.0,2.02,509000.0,2006,
382,WI,64000.0,93.0,5952000.0,2500000.0,1.12,6666000.0,2006,
383,WY,39000.0,85.0,3315000.0,497000.0,0.98,3249000.0,2006,
384,AL,11000.0,56.0,616000.0,209000.0,1.49,918000.0,2007,
385,AZ,30000.0,64.0,1920000.0,902000.0,1.26,2419000.0,2007,
386,AR,28000.0,80.0,2240000.0,672000.0,0.95,2128000.0,2007,
387,CA,340000.0,40.0,13600000.0,3672000.0,1.04,14144000.0,2007,
388,CO,31000.0,51.0,1581000.0,838000.0,1.15,1818000.0,2007,
389,FL,160000.0,71.0,11360000.0,1363000.0,0.99,11246000.0,2007,
390,GA,60000.0,58.0,3480000.0,522000.0,1.19,4141000.0,2007,
391,HI,10000.0,92.0,920000.0,285000.0,1.7,1564000.0,2007,
392,ID,92000.0,41.0,3772000.0,1848000.0,1.15,4338000.0,2007,
393,IL,9000.0,63.0,567000.0,374000.0,2.49,1412000.0,2007,
394,IN,8000.0,53.0,424000.0,119000.0,1.5,636000.0,2007,
395,IA,26000.0,81.0,2106000.0,1221000.0,1.31,2759000.0,2007,
396,KS,14000.0,40.0,560000.0,196000.0,1.18,661000.0,2007,
397,KY,4000.0,61.0,244000.0,54000.0,2.12,517000.0,2007,
398,LA,29000.0,89.0,2581000.0,413000.0,1.08,2787000.0,2007,
399,ME,9000.0,26.0,234000.0,59000.0,1.32,309000.0,2007,
400,MI,72000.0,64.0,4608000.0,2350000.0,1.19,5484000.0,2007,
401,MN,130000.0,68.0,8840000.0,2564000.0,1.04,9194000.0,2007,
402,MS,15000.0,92.0,1380000.0,166000.0,0.91,1256000.0,2007,
403,MO,14000.0,46.0,644000.0,148000.0,1.12,721000.0,2007,
404,MT,135000.0,68.0,9180000.0,2479000.0,0.99,9088000.0,2007,
405,NE,45000.0,49.0,2205000.0,1477000.0,1.03,2271000.0,2007,
406,NV,10000.0,28.0,280000.0,67000.0,2.99,837000.0,2007,
407,NJ,9000.0,57.0,513000.0,185000.0,1.96,1005000.0,2007,
408,NM,6000.0,59.0,354000.0,138000.0,1.42,503000.0,2007,
409,NY,53000.0,57.0,3021000.0,1843000.0,1.38,4169000.0,2007,
410,NC,12000.0,45.0,540000.0,76000.0,2.49,1345000.0,2007,
411,ND,420000.0,74.0,31080000.0,9013000.0,0.96,29837000.0,2007,
412,OH,14000.0,61.0,854000.0,376000.0,1.77,1512000.0,2007,
413,OR,46000.0,43.0,1978000.0,1088000.0,1.31,2591000.0,2007,
414,PA,25000.0,42.0,1050000.0,326000.0,1.7,1785000.0,2007,
415,SD,255000.0,52.0,13260000.0,10608000.0,1.02,13525000.0,2007,
416,TN,7000.0,65.0,455000.0,114000.0,1.99,905000.0,2007,
417,TX,105000.0,82.0,8610000.0,1550000.0,0.96,8266000.0,2007,
418,UT,28000.0,42.0,1176000.0,270000.0,1.13,1329000.0,2007,
419,VT,5000.0,64.0,320000.0,96000.0,1.7,544000.0,2007,
420,VA,6000.0,46.0,276000.0,63000.0,2.43,671000.0,2007,
421,WA,46000.0,44.0,2024000.0,648000.0,1.25,2530000.0,2007,
422,WV,6000.0,48.0,288000.0,95000.0,2.09,602000.0,2007,
423,WI,60000.0,84.0,5040000.0,3024000.0,1.22,6149000.0,2007,
424,WY,43000.0,80.0,3440000.0,894000.0,1.0,3440000.0,2007,
425,AL,9000.0,66.0,594000.0,214000.0,1.9,1129000.0,2008,
426,AZ,25000.0,64.0,1600000.0,336000.0,1.26,2016000.0,2008,
427,AR,28000.0,75.0,2100000.0,525000.0,1.35,2835000.0,2008,
428,CA,360000.0,51.0,18360000.0,4039000.0,1.39,25520000.0,2008,
429,CO,27000.0,45.0,1215000.0,656000.0,1.51,1835000.0,2008,
430,FL,150000.0,79.0,11850000.0,1304000.0,1.32,15642000.0,2008,
431,GA,65000.0,71.0,4615000.0,369000.0,1.52,7015000.0,2008,
432,HI,10000.0,90.0,900000.0,225000.0,1.59,1431000.0,2008,
433,ID,90000.0,40.0,3600000.0,1440000.0,1.46,5256000.0,2008,
434,IL,8000.0,56.0,448000.0,116000.0,2.59,1160000.0,2008,
435,IN,7000.0,67.0,469000.0,150000.0,1.68,788000.0,2008,
436,IA,24000.0,62.0,1488000.0,580000.0,1.58,2351000.0,2008,
437,KS,10000.0,61.0,610000.0,128000.0,1.55,946000.0,2008,
438,KY,4000.0,39.0,156000.0,27000.0,2.44,381000.0,2008,
439,LA,40000.0,77.0,3080000.0,493000.0,1.36,4189000.0,2008,
440,ME,7000.0,42.0,294000.0,79000.0,1.57,462000.0,2008,
441,MI,71000.0,73.0,5183000.0,2021000.0,1.44,7464000.0,2008,
442,MN,122000.0,78.0,9516000.0,2569000.0,1.39,13227000.0,2008,
443,MS,14000.0,98.0,1372000.0,110000.0,1.3,1784000.0,2008,
444,MO,11000.0,53.0,583000.0,152000.0,1.68,979000.0,2008,
445,MT,134000.0,70.0,9380000.0,4596000.0,1.37,12851000.0,2008,
446,NE,36000.0,67.0,2412000.0,1254000.0,1.45,3497000.0,2008,
447,NV,10000.0,29.0,290000.0,52000.0,1.42,412000.0,2008,
448,NJ,9000.0,40.0,360000.0,122000.0,1.62,583000.0,2008,
449,NM,6000.0,48.0,288000.0,95000.0,1.48,426000.0,2008,
450,NY,50000.0,70.0,3500000.0,1260000.0,1.65,5775000.0,2008,
451,NC,12000.0,52.0,624000.0,137000.0,2.18,1360000.0,2008,
452,ND,400000.0,90.0,36000000.0,8640000.0,1.36,48960000.0,2008,
453,OH,14000.0,53.0,742000.0,371000.0,1.68,1247000.0,2008,
454,OR,50000.0,43.0,2150000.0,1097000.0,1.41,3032000.0,2008,
455,PA,23000.0,48.0,1104000.0,276000.0,1.65,1822000.0,2008,
456,SD,225000.0,95.0,21375000.0,11970000.0,1.34,28643000.0,2008,
457,TN,7000.0,61.0,427000.0,149000.0,2.09,892000.0,2008,
458,TX,77000.0,64.0,4928000.0,1380000.0,1.34,6604000.0,2008,
459,UT,28000.0,48.0,1344000.0,242000.0,1.57,2110000.0,2008,
460,VT,5000.0,66.0,330000.0,119000.0,2.2,726000.0,2008,
461,VA,6000.0,42.0,252000.0,45000.0,2.42,610000.0,2008,
462,WA,49000.0,44.0,2156000.0,862000.0,1.51,3256000.0,2008,
463,WV,6000.0,43.0,258000.0,49000.0,2.16,557000.0,2008,
464,WI,58000.0,80.0,4640000.0,2366000.0,1.5,6960000.0,2008,
465,WY,39000.0,61.0,2379000.0,381000.0,1.37,3259000.0,2008,
466,AL,9000.0,50.0,450000.0,68000.0,1.86,837000.0,2009,
467,AZ,20000.0,52.0,1040000.0,562000.0,1.45,1508000.0,2009,
468,AR,24000.0,57.0,1368000.0,301000.0,1.42,1943000.0,2009,
469,CA,355000.0,33.0,11715000.0,2109000.0,1.39,16284000.0,2009,
470,CO,28000.0,53.0,1484000.0,326000.0,1.43,2122000.0,2009,
471,FL,170000.0,68.0,11560000.0,1618000.0,1.42,16415000.0,2009,
472,GA,65000.0,41.0,2665000.0,346000.0,1.47,3918000.0,2009,
473,HI,10000.0,95.0,950000.0,323000.0,1.76,1672000.0,2009,
474,ID,103000.0,46.0,4738000.0,1706000.0,1.52,7202000.0,2009,
475,IL,8000.0,34.0,272000.0,57000.0,2.55,694000.0,2009,
476,IN,9000.0,32.0,288000.0,101000.0,2.02,582000.0,2009,
477,IA,26000.0,42.0,1092000.0,339000.0,1.6,1747000.0,2009,
478,KS,9000.0,63.0,567000.0,164000.0,1.85,1049000.0,2009,
479,KY,5000.0,35.0,175000.0,25000.0,2.71,474000.0,2009,
480,LA,37000.0,103.0,3811000.0,610000.0,1.36,5183000.0,2009,
481,ME,6000.0,50.0,300000.0,51000.0,1.95,585000.0,2009,
482,MI,66000.0,60.0,3960000.0,1505000.0,1.55,6138000.0,2009,
483,MN,122000.0,65.0,7930000.0,1427000.0,1.44,11419000.0,2009,
484,MS,14000.0,104.0,1456000.0,87000.0,1.32,1922000.0,2009,
485,MO,11000.0,47.0,517000.0,57000.0,1.99,1029000.0,2009,
486,MT,146000.0,70.0,10220000.0,3577000.0,1.46,14921000.0,2009,
487,NE,48000.0,56.0,2688000.0,1102000.0,1.46,3924000.0,2009,
488,NJ,11000.0,32.0,352000.0,70000.0,2.36,831000.0,2009,
489,NM,7000.0,60.0,420000.0,143000.0,1.59,668000.0,2009,
490,NY,45000.0,65.0,2925000.0,936000.0,1.93,5645000.0,2009,
491,NC,11000.0,45.0,495000.0,84000.0,2.57,1272000.0,2009,
492,ND,450000.0,77.0,34650000.0,7623000.0,1.38,47817000.0,2009,
493,OH,11000.0,50.0,550000.0,132000.0,2.81,1546000.0,2009,
494,OR,55000.0,34.0,1870000.0,767000.0,1.54,2880000.0,2009,
495,PA,21000.0,40.0,840000.0,319000.0,2.03,1705000.0,2009,
496,SD,270000.0,66.0,17820000.0,6237000.0,1.42,25304000.0,2009,
497,TN,7000.0,51.0,357000.0,86000.0,2.37,846000.0,2009,
498,TX,89000.0,63.0,5607000.0,1065000.0,1.39,7794000.0,2009,
499,UT,26000.0,38.0,988000.0,198000.0,1.46,1442000.0,2009,
500,VT,5000.0,49.0,245000.0,69000.0,2.01,492000.0,2009,
501,VA,6000.0,39.0,234000.0,56000.0,3.45,807000.0,2009,
502,WA,62000.0,44.0,2728000.0,1064000.0,1.58,4310000.0,2009,
503,WV,5000.0,37.0,185000.0,33000.0,2.6,481000.0,2009,
504,WI,63000.0,60.0,3780000.0,1588000.0,1.58,5972000.0,2009,
505,WY,37000.0,48.0,1776000.0,391000.0,1.43,2540000.0,2009,
506,AL,9000.0,54.0,486000.0,73000.0,2.4,1166000.0,2010,
507,AZ,24000.0,77.0,1848000.0,665000.0,1.52,2809000.0,2010,
508,AR,25000.0,60.0,1500000.0,360000.0,1.47,2205000.0,2010,
509,CA,410000.0,67.0,27470000.0,6318000.0,1.55,42579000.0,2010,
510,CO,34000.0,56.0,1904000.0,533000.0,1.52,2894000.0,2010,
511,FL,200000.0,69.0,13800000.0,1794000.0,1.56,21528000.0,2010,
512,GA,55000.0,46.0,2530000.0,152000.0,1.67,4225000.0,2010,
513,HI,10000.0,77.0,770000.0,239000.0,2.75,2118000.0,2010,
514,ID,97000.0,27.0,2619000.0,1179000.0,1.61,4217000.0,2010,
515,IL,9000.0,41.0,369000.0,92000.0,2.78,1026000.0,2010,
516,IN,10000.0,43.0,430000.0,151000.0,2.23,959000.0,2010,
517,IA,27000.0,49.0,1323000.0,463000.0,1.92,2540000.0,2010,
518,KS,9000.0,52.0,468000.0,103000.0,2.02,945000.0,2010,
519,KY,5000.0,67.0,335000.0,67000.0,2.72,911000.0,2010,
520,LA,36000.0,80.0,2880000.0,288000.0,1.5,4320000.0,2010,
521,ME,5000.0,41.0,205000.0,33000.0,2.05,420000.0,2010,
522,MI,71000.0,58.0,4118000.0,1524000.0,1.67,6877000.0,2010,
523,MN,128000.0,66.0,8448000.0,1774000.0,1.55,13094000.0,2010,
524,MS,16000.0,98.0,1568000.0,78000.0,1.44,2258000.0,2010,
525,MO,11000.0,52.0,572000.0,92000.0,1.8,1030000.0,2010,
526,MT,157000.0,74.0,11618000.0,2905000.0,1.58,18356000.0,2010,
527,NE,41000.0,55.0,2255000.0,902000.0,1.51,3405000.0,2010,
528,NJ,13000.0,35.0,455000.0,73000.0,1.9,865000.0,2010,
529,NM,7000.0,66.0,462000.0,157000.0,1.58,730000.0,2010,
530,NY,45000.0,64.0,2880000.0,1123000.0,1.96,5645000.0,2010,
531,NC,13000.0,46.0,598000.0,144000.0,2.66,1591000.0,2010,
532,ND,510000.0,91.0,46410000.0,12995000.0,1.5,69615000.0,2010,
533,OH,18000.0,62.0,1116000.0,346000.0,2.28,2544000.0,2010,
534,OR,59000.0,39.0,2301000.0,874000.0,1.63,3751000.0,2010,
535,PA,30000.0,37.0,1110000.0,377000.0,2.13,2364000.0,2010,
536,SD,265000.0,58.0,15370000.0,4765000.0,1.51,23209000.0,2010,
537,TN,8000.0,63.0,504000.0,106000.0,2.5,1260000.0,2010,
538,TX,100000.0,72.0,7200000.0,792000.0,1.51,10872000.0,2010,
539,UT,26000.0,30.0,780000.0,195000.0,1.53,1193000.0,2010,
540,VT,4000.0,65.0,260000.0,73000.0,3.1,806000.0,2010,
541,VA,5000.0,37.0,185000.0,37000.0,3.32,614000.0,2010,
542,WA,71000.0,37.0,2627000.0,1077000.0,1.57,4124000.0,2010,
543,WV,5000.0,40.0,200000.0,40000.0,2.39,478000.0,2010,
544,WI,64000.0,64.0,4096000.0,1556000.0,1.68,6881000.0,2010,
545,WY,34000.0,36.0,1224000.0,282000.0,1.59,1946000.0,2010,
546,AL,9000.0,50.0,450000.0,63000.0,2.51,1130000.0,2011,
547,AZ,23000.0,53.0,1219000.0,427000.0,1.55,1889000.0,2011,
548,AR,22000.0,64.0,1408000.0,239000.0,1.62,2281000.0,2011,
549,CA,370000.0,48.0,17760000.0,3730000.0,1.65,29304000.0,2011,
550,CO,31000.0,55.0,1705000.0,443000.0,2.0,3410000.0,2011,
551,FL,180000.0,61.0,10980000.0,988000.0,1.68,18446000.0,2011,
552,GA,65000.0,43.0,2795000.0,196000.0,1.65,4612000.0,2011,
553,HI,9000.0,74.0,666000.0,246000.0,3.65,2431000.0,2011,
554,ID,87000.0,36.0,3132000.0,1879000.0,1.78,5575000.0,2011,
555,IL,7000.0,50.0,350000.0,98000.0,3.9,1365000.0,2011,
556,IN,8000.0,51.0,408000.0,147000.0,2.14,873000.0,2011,
557,IA,25000.0,62.0,1550000.0,961000.0,1.96,3038000.0,2011,
558,KS,7000.0,44.0,308000.0,117000.0,2.15,662000.0,2011,
559,KY,4000.0,39.0,156000.0,12000.0,3.17,495000.0,2011,
560,LA,36000.0,77.0,2772000.0,471000.0,1.67,4629000.0,2011,
561,ME,4000.0,30.0,120000.0,17000.0,1.98,238000.0,2011,
562,MI,74000.0,64.0,4736000.0,2084000.0,1.81,8572000.0,2011,
563,MN,120000.0,53.0,6360000.0,2099000.0,1.63,10367000.0,2011,
564,MS,18000.0,115.0,2070000.0,104000.0,1.53,3167000.0,2011,
565,MO,8000.0,43.0,344000.0,76000.0,2.14,736000.0,2011,
566,MT,145000.0,92.0,13340000.0,3202000.0,1.7,22678000.0,2011,
567,NE,41000.0,59.0,2419000.0,653000.0,1.75,4233000.0,2011,
568,NJ,11000.0,41.0,451000.0,135000.0,3.7,1669000.0,2011,
569,NM,7000.0,56.0,392000.0,153000.0,1.69,662000.0,2011,
570,NY,49000.0,56.0,2744000.0,1235000.0,1.96,5378000.0,2011,
571,NC,14000.0,62.0,868000.0,95000.0,2.83,2456000.0,2011,
572,ND,460000.0,71.0,32660000.0,7512000.0,1.67,54542000.0,2011,
573,OH,15000.0,66.0,990000.0,228000.0,2.34,2317000.0,2011,
574,OR,60000.0,34.0,2040000.0,755000.0,1.68,3427000.0,2011,
575,PA,24000.0,44.0,1056000.0,306000.0,2.55,2693000.0,2011,
576,SD,250000.0,66.0,16500000.0,4290000.0,1.7,28050000.0,2011,
577,TN,7000.0,44.0,308000.0,68000.0,2.93,902000.0,2011,
578,TX,78000.0,58.0,4524000.0,633000.0,1.78,8053000.0,2011,
579,UT,23000.0,39.0,897000.0,170000.0,1.75,1570000.0,2011,
580,VT,4000.0,43.0,172000.0,43000.0,2.31,397000.0,2011,
581,VA,4000.0,40.0,160000.0,21000.0,4.07,651000.0,2011,
582,WA,71000.0,38.0,2698000.0,836000.0,1.93,5207000.0,2011,
583,WV,4000.0,53.0,212000.0,45000.0,2.57,545000.0,2011,
584,WI,57000.0,63.0,3591000.0,1508000.0,1.89,6787000.0,2011,
585,WY,35000.0,54.0,1890000.0,265000.0,1.72,3251000.0,2011,
586,AL,8000.0,54.0,432000.0,65000.0,2.47,1067000.0,2012,
587,AZ,22000.0,46.0,1012000.0,253000.0,1.79,1811000.0,2012,
588,AR,25000.0,63.0,1575000.0,189000.0,1.98,3119000.0,2012,
589,CA,330000.0,35.0,11550000.0,3119000.0,1.94,22407000.0,2012,
590,CO,25000.0,48.0,1200000.0,468000.0,2.07,2484000.0,2012,
591,FL,193000.0,64.0,12352000.0,1235000.0,1.84,22728000.0,2012,
592,GA,59000.0,51.0,3009000.0,181000.0,1.92,5777000.0,2012,
593,HI,10000.0,75.0,750000.0,263000.0,4.15,3113000.0,2012,
594,ID,92000.0,32.0,2944000.0,530000.0,1.63,4799000.0,2012,
595,IL,7000.0,61.0,427000.0,145000.0,3.55,1516000.0,2012,
596,IN,8000.0,59.0,472000.0,203000.0,2.54,1199000.0,2012,
597,IA,37000.0,61.0,2257000.0,1196000.0,2.17,4898000.0,2012,
598,KS,6000.0,55.0,330000.0,125000.0,2.28,752000.0,2012,
599,KY,5000.0,51.0,255000.0,41000.0,3.15,803000.0,2012,
600,LA,41000.0,86.0,3526000.0,141000.0,1.83,6453000.0,2012,
601,ME,4000.0,34.0,136000.0,24000.0,2.39,325000.0,2012,
602,MI,73000.0,57.0,4161000.0,1332000.0,2.03,8447000.0,2012,
603,MN,125000.0,67.0,8375000.0,1591000.0,1.92,16080000.0,2012,
604,MS,18000.0,118.0,2124000.0,64000.0,1.77,3759000.0,2012,
605,MO,7000.0,53.0,371000.0,108000.0,2.8,1039000.0,2012,
606,MT,145000.0,52.0,7540000.0,2413000.0,1.95,14703000.0,2012,
607,NE,43000.0,65.0,2795000.0,1146000.0,1.93,5394000.0,2012,
608,NJ,14000.0,33.0,462000.0,51000.0,1.97,910000.0,2012,
609,NM,5000.0,52.0,260000.0,99000.0,3.39,881000.0,2012,
610,NY,51000.0,51.0,2601000.0,988000.0,2.23,5800000.0,2012,
611,NC,13000.0,39.0,507000.0,106000.0,3.76,1906000.0,2012,
612,ND,480000.0,69.0,33120000.0,5962000.0,1.92,63590000.0,2012,
613,OH,18000.0,60.0,1080000.0,410000.0,2.46,2657000.0,2012,
614,OR,60000.0,32.0,1920000.0,845000.0,2.16,4147000.0,2012,
615,PA,16000.0,60.0,960000.0,269000.0,2.57,2467000.0,2012,
616,SD,260000.0,63.0,16380000.0,3604000.0,1.95,31941000.0,2012,
617,TN,6000.0,61.0,366000.0,59000.0,2.93,1072000.0,2012,
618,TX,92000.0,52.0,4784000.0,718000.0,2.0,9568000.0,2012,
619,UT,25000.0,38.0,950000.0,209000.0,1.87,1777000.0,2012,
620,VT,4000.0,60.0,240000.0,53000.0,2.39,574000.0,2012,
621,VA,4000.0,41.0,164000.0,23000.0,3.77,618000.0,2012,
622,WA,62000.0,41.0,2542000.0,1017000.0,2.38,6050000.0,2012,
623,WV,6000.0,48.0,288000.0,95000.0,2.91,838000.0,2012,
624,WI,60000.0,69.0,4140000.0,1863000.0,2.05,8487000.0,2012,
625,WY,50000.0,51.0,2550000.0,459000.0,1.87,4769000.0,2012,
0,AL,7000.0,,364000.0,55000.0,2.85,1037.0,2013,52.0
1,AZ,29000.0,,1044000.0,251000.0,1.96,2046.0,2013,36.0
2,AR,22000.0,,1320000.0,66000.0,2.02,2666.0,2013,60.0
3,CA,330000.0,,10890000.0,2505000.0,2.11,22978.0,2013,33.0
4,CO,26000.0,,1118000.0,324000.0,2.1,2348.0,2013,43.0
5,FL,220000.0,,13420000.0,1074000.0,2.03,27243.0,2013,61.0
6,GA,67000.0,,3350000.0,637000.0,2.26,7571.0,2013,50.0
7,HI,13000.0,,1079000.0,65000.0,1.97,2126.0,2013,83.0
8,ID,83000.0,,2656000.0,1036000.0,2.02,5365.0,2013,32.0
9,IL,7000.0,,336000.0,101000.0,4.19,1408.0,2013,48.0
10,IN,6000.0,,282000.0,82000.0,2.77,781.0,2013,47.0
11,IA,39000.0,,1872000.0,1217000.0,2.45,4586.0,2013,48.0
12,KS,6000.0,,276000.0,39000.0,2.5,690.0,2013,46.0
13,KY,3000.0,,123000.0,17000.0,3.25,400.0,2013,41.0
14,LA,50000.0,,4900000.0,490000.0,1.89,9261.0,2013,98.0
15,MA,7000.0,,301000.0,27000.0,3.14,945.0,2013,43.0
16,MI,85000.0,,14675000.0,982000.0,2.16,10098.0,2013,55.0
17,MN,130000.0,,7540000.0,1282000.0,1.99,15005.0,2013,58.0
18,MS,17000.0,,1972000.0,39000.0,1.86,3668.0,2013,116.0
19,MO,10000.0,,470000.0,85000.0,2.62,1231.0,2013,47.0
20,MT,159000.0,,14946000.0,5231000.0,2.09,31237.0,2013,94.0
21,NE,46000.0,,2760000.0,1628000.0,2.07,5713.0,2013,60.0
22,NJ,11000.0,,484000.0,34000.0,4.19,2028.0,2013,44.0
23,NY,55000.0,,2640000.0,1030000.0,2.12,5597.0,2013,48.0
24,NC,10000.0,,380000.0,84000.0,3.67,1395.0,2013,38.0
25,ND,480000.0,,33120000.0,6955000.0,2.04,67565.0,2013,69.0
26,OH,17000.0,,765000.0,390000.0,3.29,2517.0,2013,45.0
27,OR,62000.0,,2170000.0,456000.0,2.39,5186.0,2013,35.0
28,PA,13000.0,,585000.0,257000.0,3.03,1773.0,2013,45.0
29,SD,265000.0,,14840000.0,6381000.0,2.07,30719.0,2013,56.0
30,TN,7000.0,,315000.0,63000.0,3.55,1118.0,2013,45.0
31,TX,106000.0,,6254000.0,1689000.0,2.1,13133.0,2013,59.0
32,UT,30000.0,,1020000.0,92000.0,2.09,2132.0,2013,34.0
33,VT,3000.0,,153000.0,46000.0,3.89,595.0,2013,51.0
34,VA,5000.0,,175000.0,42000.0,4.5,788.0,2013,35.0
35,WA,69000.0,,2691000.0,1023000.0,2.3,6189.0,2013,39.0
36,WV,6000.0,,276000.0,83000.0,3.66,1010.0,2013,46.0
37,WI,59000.0,,3540000.0,1558000.0,2.38,8425.0,2013,60.0
38,WY,47000.0,,3102000.0,558000.0,2.11,6545.0,2013,66.0
39,,,,,,,,2013,
40,,,,,,,,2013,
41,,,,,,,,2013,
0,AL,7000.0,53.0,371000.0,26000.0,3.4,1261.0,2013,
1,AZ,26000.0,39.0,1014000.0,193000.0,2.02,2048.0,2013,
2,AR,21000.0,65.0,1365000.0,137000.0,2.0,2730.0,2013,
3,CA,320000.0,39.0,12480000.0,2995000.0,2.03,25334.0,2013,
4,CO,27000.0,37.0,999000.0,200000.0,2.0,1998.0,2013,
5,FL,245000.0,60.0,14700000.0,1029000.0,2.08,30576.0,2013,
6,GA,73000.0,62.0,4526000.0,362000.0,2.19,9912.0,2013,
7,HI,15000.0,93.0,1395000.0,140000.0,2.28,3181.0,2013,
8,ID,100000.0,34.0,3400000.0,850000.0,2.03,6902.0,2013,
9,IL,8000.0,49.0,392000.0,94000.0,4.41,1729.0,2013,
10,IN,5000.0,62.0,310000.0,115000.0,3.24,1004.0,2013,
11,IA,35000.0,43.0,1505000.0,933000.0,2.51,3778.0,2013,
12,KS,7000.0,75.0,525000.0,84000.0,2.33,1223.0,2013,
13,KY,5000.0,47.0,235000.0,56000.0,3.93,94.0,2013,
14,LA,48000.0,84.0,4032000.0,524000.0,2.26,9112.0,2013,
15,MA,8000.0,47.0,376000.0,41000.0,5.36,2015.0,2013,
16,MI,91000.0,63.0,5733000.0,1835000.0,2.5,14333.0,2013,
17,MN,132000.0,60.0,7920000.0,146000.0,2.06,16345.0,2013,
18,MS,20000.0,112.0,2240000.0,45000.0,2.01,4502.0,2013,
19,MO,12000.0,47.0,564000.0,96000.0,3.57,2013.0,2013,
20,MT,162000.0,88.0,14256000.0,5132000.0,2.05,29225.0,2013,
21,NE,50000.0,75.0,3750000.0,1688000.0,2.1,7875.0,2013,
22,NJ,12000.0,30.0,360000.0,119000.0,2.98,1073.0,2013,
23,NY,60000.0,55.0,3300000.0,1518000.0,2.72,8976.0,2013,
24,NC,12000.0,45.0,516000.0,88000.0,3.47,1791.0,2013,
25,ND,490000.0,86.0,42140000.0,9271000.0,2.0,84280.0,2013,
26,OH,15000.0,61.0,915000.0,256000.0,3.52,3221.0,2013,
27,OR,71000.0,40.0,2840000.0,767000.0,2.19,6220.0,2013,
28,PA,17000.0,46.0,782000.0,203000.0,2.75,2151.0,2013,
29,SD,9000.0,54.0,486000.0,19000.0,3.83,1861.0,2013,
30,SC,280000.0,87.0,24360000.0,2546000.0,2.09,50912.0,2013,
31,TN,7000.0,63.0,441000.0,88000.0,3.23,1424.0,2013,
32,TX,116000.0,78.0,9048000.0,2081000.0,2.23,20177.0,2013,
33,UT,29000.0,28.0,812000.0,130000.0,2.13,1730.0,2013,
34,VT,3000.0,58.0,174000.0,61000.0,5.03,875.0,2013,
35,VA,6000.0,41.0,246000.0,57000.0,5.07,1245.0,2013,
36,WA,68000.0,44.0,2992000.0,1167000.0,2.48,7420.0,2013,
37,WV,6000.0,34.0,186000.0,33000.0,4.04,751.0,2013,
38,WI,53000.0,54.0,2862000.0,1030000.0,2.32,6640.0,2013,
39,WY,38000.0,61.0,2318000.0,255000.0,2.06,4775.0,2013,
0,AL,7000.0,47.0,329000.0,13000.0,3.83,1260.0,2015,
1,AZ,26000.0,49.0,1274000.0,306000.0,2.03,2586.0,2015,
2,AR,24000.0,72.0,1728000.0,121000.0,2.06,3560.0,2015,
3,CA,275000.0,30.0,8250000.0,1485000.0,2.03,16748.0,2015,
4,CO,29000.0,51.0,1479000.0,399000.0,2.26,3343.0,2015,
5,FL,220000.0,54.0,11880000.0,832000.0,1.97,12404.0,2015,
6,GA,69000.0,40.0,2760000.0,221000.0,2.43,6707.0,2015,
7,HI,14000.0,102.0,1428000.0,71000.0,1.91,2727.0,2015,
8,ID,89000.0,32.0,2848000.0,1082000.0,1.93,5497.0,2015,
9,IL,8000.0,51.0,408000.0,155000.0,4.66,1901.0,2015,
10,IN,6000.0,53.0,318000.0,165000.0,3.23,1027.0,2015,
11,IA,36000.0,50.0,1800000.0,990000.0,2.2,3960.0,2015,
12,KS,8000.0,36.0,288000.0,107000.0,3.5,1008.0,2015,
13,KY,5000.0,46.0,230000.0,55000.0,4.04,929.0,2015,
14,LA,44000.0,99.0,4356000.0,348000.0,1.95,8494.0,2015,
15,MA,10000.0,47.0,480000.0,47000.0,5.43,2552.0,2015,
16,MI,90000.0,58.0,5220000.0,1984000.0,2.44,12737.0,2015,
17,MN,122000.0,68.0,8296000.0,2157000.0,1.84,15265.0,2015,
18,MS,15000.0,83.0,1245000.0,87000.0,2.4,2988.0,2015,
19,MO,10000.0,52.0,520000.0,52000.0,3.55,1846.0,2015,
20,MT,146000.0,83.0,12118000.0,3757000.0,1.94,23509.0,2015,
21,NE,57000.0,48.0,2736000.0,1450000.0,2.04,5581.0,2015,
22,NJ,12000.0,27.0,324000.0,207000.0,4.2,1361.0,2015,
23,NY,58000.0,62.0,3596000.0,899000.0,2.94,10572.0,2015,
24,NC,12000.0,45.0,540000.0,103000.0,4.51,2435.0,2015,
25,ND,490000.0,74.0,36260000.0,9428000.0,1.8,65268.0,2015,
26,OH,17000.0,50.0,850000.0,270.0,3.6,9060.0,2015,
27,OR,71000.0,38.0,2698000.0,809000.0,2.43,6556.0,2015,
28,PA,17000.0,53.0,901000.0,225000.0,3.62,3262.0,2015,
29,SD,14000.0,67.0,938000.0,38000.0,4.1,3846.0,2015,
30,SC,290000.0,66.0,19140000.0,9379000.0,1.79,34261.0,2015,
31,TN,4000.0,59.0,413000.0,78000.0,4.04,1669.0,2015,
32,TX,126000.0,66.0,8316000.0,1164000.0,2.1,17464.0,2015,
33,UT,27000.0,42.0,1134000.0,147000.0,1.92,2177.0,2015,
34,VT,5000.0,52.0,260000.0,62000.0,4.23,1100.0,2015,
35,VA,6000.0,38.0,228000.0,50000.0,5.53,1261.0,2015,
36,WA,73000.0,44.0,3212000.0,1221000.0,1.8,5782.0,2015,
37,WV,5000.0,35.0,175000.0,32000.0,4.44,777.0,2015,
38,WI,52000.0,67.0,2484000.0,1603000.0,2.43,8466.0,2015,
39,WY,38000.0,77.0,2946000.0,146000.0,1.9,5559.0,2015,
0,AL,7000.0,52.0,364000.0,33000.0,3.37,1227.0,2016,
1,AZ,27000.0,46.0,1242000.0,261000.0,1.99,2472.0,2016,
2,AR,24000.0,69.0,1656000.0,99000.0,1.84,3047.0,2016,
3,CA,310000.0,36.0,11160000.0,2009000.0,2.0,22320.0,2016,
4,CO,32000.0,40.0,1280000.0,282000.0,2.17,2778.0,2016,
5,FL,215000.0,50.0,10750000.0,538000.0,2.44,26230.0,2016,
6,GA,96000.0,39.0,3744000.0,899000.0,2.69,10071.0,2016,
7,HI,16000.0,113.0,1808000.0,127000.0,2.31,4176.0,2016,
8,ID,97000.0,34.0,3298000.0,1253000.0,1.72,5673.0,2016,
9,IL,10000.0,48.0,480000.0,77000.0,5.39,2587.0,2016,
10,IN,7000.0,62.0,434000.0,208000.0,3.36,1458.0,2016,
11,IA,37000.0,48.0,1776000.0,746000.0,2.07,3676.0,2016,
12,KS,7000.0,48.0,336000.0,54000.0,2.97,998.0,2016,
13,KY,5000.0,46.0,230000.0,48000.0,4.02,925.0,2016,
14,LA,50000.0,86.0,4300000.0,301000.0,1.93,8299.0,2016,
15,MA,12000.0,34.0,408000.0,65000.0,3.21,1310.0,2016,
16,MI,89000.0,60.0,5340000.0,1709000.0,2.25,12015.0,2016,
17,MN,124000.0,59.0,7316000.0,1390000.0,1.64,11998.0,2016,
18,MS,19000.0,85.0,1615000.0,113000.0,1.74,2810.0,2016,
19,MO,8000.0,62.0,496000.0,30000.0,2.18,1081.0,2016,
20,MT,159000.0,77.0,12243000.0,3183000.0,1.75,21425.0,2016,
21,NE,48000.0,46.0,2208000.0,640000.0,1.88,4151.0,2016,
22,NJ,12000.0,27.0,324000.0,198000.0,6.69,2168.0,2016,
23,NY,64000.0,57.0,3648000.0,1167000.0,3.2,11674.0,2016,
24,NC,12000.0,37.0,444000.0,89000.0,4.61,2047.0,2016,
25,ND,485000.0,78.0,37830000.0,6809000.0,1.73,65446.0,2016,
26,OH,15000.0,79.0,1185000.0,664000.0,3.84,4550.0,2016,
27,OR,74000.0,35.0,2590000.0,622000.0,2.06,5335.0,2016,
28,PA,19000.0,50.0,950000.0,266000.0,3.15,2993.0,2016,
29,SD,16000.0,45.0,720000.0,36000.0,4.5,3240.0,2016,
30,SC,280000.0,71.0,19880000.0,12127000.0,1.74,34591.0,2016,
31,TN,6000.0,55.0,330000.0,69000.0,4.78,1577.0,2016,
32,TX,133000.0,70.0,9310000.0,2607000.0,1.96,18248.0,2016,
33,UT,31000.0,32.0,992000.0,169000.0,1.91,1895.0,2016,
34,VT,6000.0,52.0,312000.0,69000.0,2.82,880.0,2016,
35,VA,5000.0,38.0,190000.0,30000.0,5.82,1106.0,2016,
36,WA,84000.0,35.0,2940000.0,412000.0,1.88,5527.0,2016,
37,WV,5000.0,32.0,160000.0,43000.0,3.73,597.0,2016,
38,WI,54000.0,62.0,3348000.0,1205000.0,2.44,8169.0,2016,
39,WY,40000.0,68.0,2720000.0,190000.0,1.76,4787.0,2016,
0,AL,7000.0,45.0,315000.0,22000.0,2.55,907.0,2017,
1,AZ,22000.0,40.0,880000.0,97000.0,1.99,1751.0,2017,
2,AR,29000.0,68.0,1972000.0,197000.0,1.97,3885.0,2017,
3,CA,335000.0,41.0,13735000.0,2198000.0,2.16,29668.0,2017,
4,CO,33000.0,43.0,1419000.0,284000.0,2.09,2966.0,2017,
5,FL,205000.0,43.0,8815000.0,529000.0,2.34,20892.0,2017,
6,GA,99000.0,32.0,3168000.0,190000.0,3.0,9504.0,2017,
7,HI,19000.0,131.0,2489000.0,25000.0,1.53,3808.0,2017,
8,ID,95000.0,44.0,4180000.0,1045000.0,1.79,7482.0,2017,
9,IL,11000.0,46.0,506000.0,167000.0,5.09,2576.0,2017,
10,IN,8000.0,52.0,416000.0,158000.0,3.61,1502.0,2017,
11,IA,35000.0,58.0,2030000.0,1035000.0,2.26,4588.0,2017,
12,KS,7000.0,79.0,553000.0,260000.0,4.03,2229.0,2017,
13,KY,5000.0,38.0,190000.0,42000.0,4.13,785.0,2017,
14,LA,43000.0,81.0,3483000.0,279000.0,1.93,6722.0,2017,
15,MA,12000.0,33.0,396000.0,51000.0,5.0,1980.0,2017,
16,MI,87000.0,45.0,3915000.0,822000.0,2.42,9474.0,2017,
17,MN,126000.0,62.0,7812000.0,1016000.0,1.93,15077.0,2017,
18,MS,18000.0,86.0,1548000.0,124000.0,1.82,2817.0,2017,
19,MO,8000.0,65.0,520000.0,57000.0,3.7,1924.0,2017,
20,MT,145000.0,72.0,10440000.0,2506000.0,2.21,23072.0,2017,
21,NE,42000.0,63.0,2646000.0,423000.0,1.91,5054.0,2017,
22,NJ,13000.0,28.0,364000.0,167000.0,8.74,3181.0,2017,
23,NY,57000.0,56.0,3192000.0,766000.0,3.03,9672.0,2017,
24,NC,11000.0,41.0,451000.0,99000.0,4.58,2066.0,2017,
25,ND,455000.0,74.0,33670000.0,4377000.0,1.91,64310.0,2017,
26,OH,15000.0,73.0,1095000.0,657000.0,3.24,3548.0,2017,
27,OR,78000.0,40.0,3120000.0,998000.0,2.1,655.0,2017,
28,PA,16000.0,46.0,736000.0,117000.0,3.51,2583.0,2017,
29,SD,255000.0,57.0,14535000.0,27000.0,2.07,30087.0,2017,
30,SC,16000.0,34.0,544000.0,6541000.0,2.7,1469.0,2017,
31,TN,7000.0,41.0,287000.0,75000.0,4.57,1312.0,2017,
32,TX,120000.0,66.0,7920000.0,2297000.0,2.17,17186.0,2017,
33,UT,27000.0,31.0,837000.0,67000.0,2.08,1741.0,2017,
34,VT,7000.0,54.0,378000.0,144000.0,4.02,1520.0,2017,
35,VA,6000.0,35.0,210000.0,46000.0,5.77,1212.0,2017,
36,WA,77000.0,45.0,3465000.0,1594000.0,2.44,8455.0,2017,
37,WV,6000.0,40.0,240000.0,50000.0,3.93,943.0,2017,
38,WI,53000.0,56.0,2968000.0,683000.0,2.82,8370.0,2017,
39,WY,39000.0,53.0,2067000.0,186000.0,1.61,3328.0,2017,
0,AL,6000.0,,270000.0,12000.0,3.57,964.0,2018,45.0
1,AZ,24000.0,,312000.0,109000.0,2.82,2572.0,2018,38.0
2,AR,28000.0,,1400000.0,84000.0,1.87,2618.0,2018,50.0
3,CA,335000.0,,13735000.0,3022000.0,2.06,28294.0,2018,41.0
4,CO,31000.0,,1488000.0,283000.0,2.02,3006.0,2018,48.0
5,FL,215000.0,,10535000.0,737000.0,2.4,25284.0,2018,49.0
6,GA,98000.0,,3332000.0,200000.0,2.79,9296.0,2018,34.0
7,HI,17000.0,,1751000.0,18000.0,1.82,3204.0,2018,103.0
8,ID,96000.0,,2976000.0,655000.0,1.96,5833.0,2018,31.0
9,IL,11000.0,,451000.0,108000.0,5.01,2260.0,2018,41.0
10,IN,7000.0,,322000.0,106000.0,3.75,1208.0,2018,46.0
11,IA,38000.0,,1862000.0,1005000.0,2.35,4376.0,2018,49.0
12,KS,5000.0,,365000.0,95000.0,3.0,1095.0,2018,73.0
13,KY,4000.0,,164000.0,34000.0,5.42,889.0,2018,41.0
14,LA,45000.0,,3735000.0,260000.0,1.9,7097.0,2018,83.0
15,MA,12000.0,,384000.0,92000.0,2.68,1029.0,2018,32.0
16,MI,92000.0,,4048000.0,729000.0,2.37,9594.0,2018,44.0
17,MN,119000.0,,7259000.0,1161000.0,1.88,19647.0,2018,61.0
18,MS,20000.0,,1740000.0,70000.0,2.05,3567.0,2018,87.0
19,MO,9000.0,,405000.0,36000.0,2.58,1045.0,2018,45.0
20,MT,160000.0,,14720000.0,3680000.0,1.92,28262.0,2018,92.0
21,NE,40000.0,,2360000.0,850000.0,1.99,4696.0,2018,59.0
22,NJ,13000.0,,403000.0,165000.0,7.35,2962.0,2018,31.0
23,NY,56000.0,,2688000.0,833000.0,3.36,8978.0,2018,48.0
24,NC,10000.0,,330000.0,63000.0,5.55,1832.0,2018,33.0
25,ND,530000.0,,38160000.0,4579000.0,1.88,71741.0,2018,72.0
26,OH,14000.0,,1022000.0,491000.0,3.61,3689.0,2018,79.0
27,OR,93000.0,,3255000.0,1009000.0,2.22,7226.0,2018,95.0
28,PA,19000.0,,836000.0,309000.0,3.73,3118.0,2018,44.0
29,SD,255000.0,,11985000.0,5154000.0,1.98,23730.0,2018,47.0
30,SC,16000.0,,768000.0,15000.0,3.04,2335.0,2018,48.0
31,TN,7000.0,,322000.0,84000.0,3.99,1285.0,2018,46.0
32,TX,132000.0,,7392000.0,1035000.0,2.06,15228.0,2018,56.0
33,UT,26000.0,,1066000.0,75000.0,2.09,2228.0,2018,41.0
34,VT,7000.0,,336000.0,94000.0,3.66,1230.0,2018,48.0
35,VA,4000.0,,160000.0,35000.0,6.83,1093.0,2018,40.0
36,WA,77000.0,,3311000.0,563000.0,2.11,6986.0,2018,43.0
37,WV,6000.0,,222000.0,38000.0,4.16,924.0,2018,37.0
38,WI,51000.0,,2295000.0,711000.0,2.76,6334.0,2018,45.0
39,WY,39000.0,,2184000.0,175000.0,1.89,4128.0,2018,56.0
0,AL,7000.0,42.0,294000.0,44000.0,3.38,994.0,2019,
1,AZ,23000.0,46.0,1058000.0,201000.0,2.04,2158.0,2019,
2,AR,20000.0,55.0,1100000.0,176000.0,1.65,1815.0,2019,
3,CA,335000.0,48.0,16080000.0,3216000.0,1.6,25728.0,2019,
4,CO,32000.0,46.0,1472000.0,500000.0,2.34,3444.0,2019,
5,FL,205000.0,45.0,3225000.0,830000.0,2.46,22694.0,2019,
6,GA,102000.0,33.0,3366000.0,370000.0,2.67,8987.0,2019,
7,HI,16000.0,80.0,1280000.0,51000.0,1.3,1664.0,2019,
8,ID,92000.0,32.0,2944000.0,677000.0,1.62,4769.0,2019,
9,IL,11000.0,39.0,429000.0,116000.0,4.12,1767.0,2019,
10,IN,9000.0,55.0,495000.0,188000.0,3.78,1871.0,2019,
11,IA,38000.0,55.0,2090000.0,1170000.0,2.35,4912.0,2019,
12,KS,7000.0,79.0,553000.0,171000.0,2.35,1300.0,2019,
13,KY,6000.0,41.0,246000.0,44000.0,4.66,1146.0,2019,
14,LA,45000.0,72.0,3888000.0,428000.0,2.15,8359.0,2019,
15,MA,15000.0,35.0,525000.0,110000.0,3.28,1722.0,2019,
16,MI,94000.0,50.0,4700000.0,1363000.0,2.56,12032.0,2019,
17,MN,118000.0,59.0,6962000.0,3063000.0,1.83,12740.0,2019,
18,MS,22000.0,80.0,1760000.0,141000.0,1.87,3291.0,2019,
19,MO,10000.0,43.0,430000.0,73000.0,3.35,1441.0,2019,
20,MT,173000.0,86.0,14878000.0,5802000.0,1.49,22168.0,2019,
21,NE,39000.0,52.0,2028000.0,223000.0,1.44,2920.0,2019,
22,NJ,15000.0,28.0,420000.0,155000.0,4.68,1966.0,2019,
23,NY,59000.0,58.0,3422000.0,1027000.0,4.0,13688.0,2019,
24,NC,14000.0,42.0,588000.0,118000.0,4.11,2417.0,2019,
25,ND,520000.0,65.0,33800000.0,622000.0,1.43,48334.0,2019,
26,OH,15000.0,67.0,1005000.0,442000.0,3.46,3477.0,2019,
27,OR,87000.0,32.0,2784000.0,1141000.0,2.5,6960.0,2019,
28,PA,19000.0,50.0,950000.0,409000.0,4.41,4190.0,2019,
29,SD,16000.0,47.0,752000.0,45000.0,5.03,3783.0,2019,
30,SC,270000.0,72.0,19440000.0,7582000.0,1.56,30326.0,2019,
31,TN,8000.0,57.0,456000.0,91000.0,4.72,2152.0,2019,
32,TX,126000.0,60.0,7560000.0,1663000.0,2.32,17539.0,2019,
33,UT,22000.0,29.0,638000.0,89000.0,1.97,1257.0,2019,
34,VT,6000.0,48.0,288000.0,84000.0,4.48,1290.0,2019,
35,VA,5000.0,39.0,195000.0,49000.0,7.19,1402.0,2019,
36,WA,81000.0,35.0,2835000.0,1191000.0,2.18,6180.0,2019,
37,WV,6000.0,37.0,222000.0,47000.0,4.26,946.0,2019,
38,WI,46000.0,47.0,2162000.0,692000.0,3.0,6486.0,2019,
39,WY,39000.0,56.0,2184000.0,306000.0,1.43,3123.0,2019,
0,AL,7000.0,39.0,273000.0,66000.0,5.43,1482.0,2020,
1,AZ,25000.0,36.0,900000.0,360000.0,2.18,1962.0,2020,
2,AR,20000.0,49.0,980000.0,176000.0,1.8,1764.0,2020,
3,CA,320000.0,43.0,13760000.0,2752000.0,1.78,24493.0,2020,
4,CO,30000.0,41.0,1230000.0,455000.0,2.09,2571.0,2020,
5,FL,192000.0,46.0,8832000.0,883000.0,2.28,20137.0,2020,
6,GA,101000.0,34.0,3434000.0,412000.0,2.36,8104.0,2020,
7,HI,15000.0,105.0,1575000.0,79000.0,1.61,2536.0,2020,
8,ID,107000.0,35.0,3745000.0,637000.0,1.75,6554.0,2020,
9,IL,10000.0,52.0,520000.0,156000.0,5.56,2891.0,2020,
10,IN,9000.0,55.0,495000.0,149000.0,4.14,2049.0,2020,
11,IA,35000.0,58.0,2030000.0,1259000.0,2.59,5258.0,2020,
12,KS,8000.0,62.0,496000.0,164000.0,2.93,1453.0,2020,
13,KY,7000.0,33.0,231000.0,58000.0,6.25,1444.0,2020,
14,LA,33000.0,69.0,2277000.0,228000.0,2.42,5510.0,2020,
15,MA,10000.0,30.0,300000.0,78000.0,3.26,978.0,2020,
16,MI,95000.0,47.0,4465000.0,1384000.0,2.7,12056.0,2020,
17,MN,108000.0,55.0,5940000.0,2495000.0,1.75,10395.0,2020,
18,MS,25000.0,73.0,1825000.0,146000.0,1.94,3541.0,2020,
19,MO,9000.0,41.0,369000.0,100000.0,3.31,1221.0,2020,
20,MT,110000.0,81.0,8910000.0,3208000.0,1.57,13989.0,2020,
21,NE,37000.0,52.0,1924000.0,250000.0,1.71,3290.0,2020,
22,NJ,14000.0,31.0,434000.0,91000.0,7.99,3468.0,2020,
23,NY,58000.0,56.0,3248000.0,844000.0,3.39,11011.0,2020,
24,NC,12000.0,38.0,456000.0,123000.0,5.13,2339.0,2020,
25,ND,495000.0,78.0,38610000.0,8108000.0,1.6,61776.0,2020,
26,OH,16000.0,75.0,1200000.0,576000.0,3.85,4620.0,2020,
27,OR,95000.0,29.0,2755000.0,1102000.0,2.47,6805.0,2020,
28,PA,19000.0,48.0,912000.0,392000.0,4.74,4323.0,2020,
29,SD,16000.0,46.0,736000.0,66000.0,3.28,2414.0,2020,
30,SC,245000.0,61.0,14945000.0,8668000.0,1.6,23912.0,2020,
31,TN,7000.0,51.0,357000.0,54000.0,4.39,1567.0,2020,
32,TX,157000.0,57.0,8949000.0,1253000.0,1.9,17003.0,2020,
33,UT,28000.0,34.0,952000.0,171000.0,2.07,1971.0,2020,
34,VT,6000.0,47.0,282000.0,96000.0,3.76,1060.0,2020,
35,VA,5000.0,40.0,200000.0,54000.0,5.44,1088.0,2020,
36,WA,98000.0,37.0,3626000.0,798000.0,2.54,9210.0,2020,
37,WV,6000.0,46.0,276000.0,58000.0,3.89,1074.0,2020,
38,WI,45000.0,50.0,2250000.0,855000.0,3.26,7335.0,2020,
39,WY,38000.0,40.0,1520000.0,608000.0,1.66,2523.0,2020,
0,AL,8000.0,40.0,320000.0,112000.0,5.22,1670.0,2021,
1,AZ,26000.0,40.0,1040000.0,364000.0,2.58,2683.0,2021,
2,AR,17000.0,50.0,850000.0,255000.0,2.12,1802.0,2021,
3,CA,290000.0,33.0,9570000.0,1627000.0,2.42,23159.0,2021,
4,CO,29000.0,40.0,1160000.0,232000.0,3.01,3492.0,2021,
5,FL,193000.0,44.0,8492000.0,849000.0,2.58,21909.0,2021,
6,GA,96000.0,34.0,3264000.0,261000.0,2.72,8878.0,2021,
7,HI,20000.0,93.0,1860000.0,74000.0,2.22,4129.0,2021,
8,ID,100000.0,30.0,3000000.0,270000.0,2.32,6960.0,2021,
9,IL,10000.0,46.0,460000.0,115000.0,5.49,2525.0,2021,
10,IN,10000.0,52.0,520000.0,177000.0,4.09,2127.0,2021,
11,IA,38000.0,55.0,2090000.0,502000.0,2.45,5121.0,2021,
12,KS,7000.0,42.0,294000.0,144000.0,3.07,903.0,2021,
13,KY,7000.0,37.0,259000.0,73000.0,4.92,1274.0,2021,
14,LA,37000.0,58.0,2146000.0,172000.0,2.49,5344.0,2021,
15,MA,11000.0,34.0,374000.0,60000.0,3.43,1283.0,2021,
16,MI,100000.0,51.0,5100000.0,1938000.0,3.0,15300.0,2021,
17,MN,125000.0,57.0,7125000.0,285000.0,2.99,21304.0,2021,
18,MS,25000.0,71.0,1775000.0,71000.0,2.85,5059.0,2021,
19,MO,8000.0,35.0,280000.0,92000.0,4.49,1257.0,2021,
20,MT,117000.0,57.0,6669000.0,1934000.0,2.19,14605.0,2021,
21,NE,38000.0,47.0,1786000.0,536000.0,2.48,4429.0,2021,
22,NJ,15000.0,35.0,525000.0,158000.0,3.44,1806.0,2021,
23,NY,57000.0,53.0,3021000.0,665000.0,3.98,12024.0,2021,
24,NC,13000.0,39.0,507000.0,96000.0,6.69,3392.0,2021,
25,ND,515000.0,55.0,28325000.0,2266000.0,2.23,63165.0,2021,
26,OH,16000.0,64.0,1024000.0,389000.0,3.64,3727.0,2021,
27,OR,86000.0,31.0,2666000.0,693000.0,2.27,6052.0,2021,
28,PA,20000.0,42.0,840000.0,336000.0,3.86,3242.0,2021,
29,SD,15000.0,42.0,630000.0,63000.0,5.93,3736.0,2021,
30,SC,250000.0,49.0,12250000.0,5268000.0,2.4,29400.0,2021,
31,TN,8000.0,56.0,448000.0,81000.0,4.84,2168.0,2021,
32,TX,137000.0,56.0,7672000.0,384000.0,2.32,17799.0,2021,
33,UT,31000.0,33.0,1023000.0,92000.0,2.36,2414.0,2021,
34,VT,6000.0,47.0,282000.0,65000.0,4.02,1134.0,2021,
35,VA,6000.0,40.0,240000.0,79000.0,8.17,1961.0,2021,
36,WA,96000.0,32.0,3072000.0,1290000.0,2.51,7711.0,2021,
37,WV,6000.0,43.0,258000.0,132000.0,5.14,1326.0,2021,
38,WI,42000.0,47.0,1974000.0,750000.0,3.09,6100.0,2021,
39,WY,38000.0,58.0,2204000.0,242000.0,2.09,4606.0,2021,
0,AL,10000.0,40.0,400000.0,84000.0,4.85,1940.0,2022,
1,AZ,23000.0,45.0,1035000.0,476000.0,2.69,2784.0,2022,
2,AR,20000.0,56.0,1120000.0,426000.0,2.68,3002.0,2022,
3,CA,305000.0,38.0,11590000.0,811000.0,2.66,30829.0,2022,
4,CO,31000.0,42.0,1302000.0,339000.0,3.26,4245.0,2022,
5,FL,210000.0,35.0,7350000.0,368000.0,3.25,23888.0,2022,
6,GA,103000.0,32.0,3296000.0,99000.0,3.07,10119.0,2022,
7,ID,94000.0,29.0,2726000.0,627000.0,2.66,7251.0,2022,
8,IL,10000.0,47.0,470000.0,141000.0,6.19,2909.0,2022,
9,IN,9000.0,63.0,567000.0,261000.0,5.11,2897.0,2022,
10,IA,48000.0,51.0,2448000.0,710000.0,2.81,6879.0,2022,
11,KS,6000.0,62.0,372000.0,167000.0,3.65,1358.0,2022,
12,KY,7000.0,36.0,252000.0,68000.0,5.7,1436.0,2022,
13,LA,42000.0,61.0,2562000.0,487000.0,2.47,6328.0,2022,
14,MA,10000.0,23.0,230000.0,64000.0,6.49,1493.0,2022,
15,MI,82000.0,41.0,3362000.0,706000.0,3.04,10220.0,2022,
16,MN,102000.0,51.0,5202000.0,728000.0,2.79,14514.0,2022,
17,MS,21000.0,95.0,1995000.0,60000.0,3.13,6244.0,2022,
18,MO,8000.0,41.0,328000.0,151000.0,5.13,1683.0,2022,
19,MT,123000.0,61.0,7503000.0,2176000.0,2.64,19808.0,2022,
20,NE,34000.0,44.0,1496000.0,598000.0,2.82,4219.0,2022,
21,NJ,16000.0,39.0,624000.0,62000.0,4.0,2496.0,2022,
22,NY,54000.0,53.0,2862000.0,916000.0,3.61,10332.0,2022,
23,NC,13000.0,39.0,507000.0,198000.0,6.79,3443.0,2022,
24,ND,520000.0,60.0,31200000.0,4680000.0,2.63,82056.0,2022,
25,OH,19000.0,66.0,1254000.0,464000.0,3.48,4364.0,2022,
26,OR,92000.0,37.0,3404000.0,1191000.0,3.15,10723.0,2022,
27,PA,23000.0,46.0,1058000.0,487000.0,5.81,6147.0,2022,
28,SD,13000.0,39.0,507000.0,91000.0,5.78,2930.0,2022,
29,SC,185000.0,39.0,7215000.0,2814000.0,2.58,18615.0,2022,
30,TN,9000.0,47.0,423000.0,102000.0,5.73,2424.0,2022,
31,TX,157000.0,53.0,8321000.0,166000.0,3.29,27376.0,2022,
32,UT,26000.0,46.0,1196000.0,120000.0,3.0,3588.0,2022,
33,VT,6000.0,47.0,282000.0,121000.0,7.04,1985.0,2022,
34,VA,7000.0,38.0,266000.0,45000.0,7.77,2067.0,2022,
35,WA,86000.0,32.0,2752000.0,660000.0,3.11,8559.0,2022,
36,WV,7000.0,39.0,273000.0,98000.0,5.25,1433.0,2022,
37,WI,53000.0,55.0,2915000.0,816000.0,3.04,8862.0,2022,
38,WY,30000.0,45.0,1350000.0,230000.0,2.64,3564.0,2022,
